system,market_metric,pearson_r,pearson_p,pearson_ci_lo,pearson_ci_hi,spearman_rho,spearman_p,spearman_ci_lo,spearman_ci_hi,n
Proposed: Hidden Risk Score,1-Day Return,0.3406255604612104,0.16660836977360455,-0.07907494090549577,0.7167101180680825,0.3758389762600652,0.1242766319771051,-0.12559534839712527,0.6969904517902319,18
Proposed: Hidden Risk Score,5-Day Return,0.26127684731780715,0.2949820767924194,-0.14338322653365146,0.6886417567533839,0.42333511062260093,0.08002850871729408,-0.07217929130953,0.7141347645633538,18
Proposed: Hidden Risk Score,10-Day Return,0.14786604035644757,0.5581855005448575,-0.30381551449965266,0.5942626964886184,0.2746515595746631,0.27003758126328353,-0.2497781579528561,0.6309271810914142,18
Proposed: Hidden Risk Score,20-Day Return,0.1601189751125528,0.5256414574831225,-0.2065180107781603,0.5120122064524415,0.14661850172782764,0.5615478119909547,-0.30809095983856927,0.5325645140864429,18
Proposed: Hidden Risk Score,5-Day Volatility,0.5353097286454536,0.02205989620808643,-0.06649060942890903,0.8123179237439436,0.36757877897962427,0.1334427966356343,-0.23629907713946333,0.7584078974982291,18
Proposed: Hidden Risk Score,10-Day Volatility,0.45121683850508193,0.06017512689237622,-0.3404752089644604,0.7800304999597114,0.10325246600551242,0.6834889837539561,-0.5077645563631437,0.5894971932601801,18
Proposed: Hidden Risk Score,Abnormal 5-Day Return,0.13936000545406438,0.5812835762386022,-0.28673684188963505,0.5675384984260472,0.19824473473058385,0.43036134226662626,-0.30462634427466184,0.608479845190027,18
Baseline 1: LM Lexicon,1-Day Return,-0.3685098326982818,0.1323867061731192,-0.7549561426952073,0.12487814971225568,-0.3457172342621259,0.15995306278645896,-0.7521577832292595,0.19260067064628547,18
Baseline 1: LM Lexicon,5-Day Return,-0.2454477892766749,0.32624052678231197,-0.6674046425541342,0.2517095715951758,-0.281733746130031,0.2573753757323144,-0.7233441491897576,0.30092240576453005,18
Baseline 1: LM Lexicon,10-Day Return,-0.3175402382220369,0.19912984703706837,-0.6534425825366186,0.1106611836737569,-0.34365325077399383,0.16262865351676548,-0.6884420174523901,0.14292396792396755,18
Baseline 1: LM Lexicon,20-Day Return,-0.27514297100973945,0.2691467673650785,-0.5973954914787983,0.12300956556835997,-0.26109391124871,0.29533260163380953,-0.617022383598645,0.22287106830245001,18
Baseline 1: LM Lexicon,5-Day Volatility,-0.17359852430132228,0.4908861316584834,-0.6554794198830368,0.26197198466299515,-0.09597523219814243,0.7048123642968973,-0.6084279559336825,0.5543933054393306,18
Baseline 1: LM Lexicon,10-Day Volatility,-0.03041667216742762,0.9046340549450225,-0.402495569879807,0.41180348265601574,0.11248710010319916,0.6567565630509027,-0.4184185407949791,0.5887465706259769,18
Baseline 1: LM Lexicon,Abnormal 5-Day Return,-0.37505560399211685,0.1251263568107994,-0.7762532541592234,0.08096184734006186,-0.4406604747162023,0.06720191241367013,-0.8080524100487426,0.05652074634655448,18
Baseline 2: FinBERT (tone shift),1-Day Return,0.26088771463014365,0.29572799780157055,-0.1018979716606376,0.5400326544919355,0.283797729618163,0.253756417908756,-0.17544829549544833,0.6698537095088816,18
Baseline 2: FinBERT (tone shift),5-Day Return,0.041740927121508356,0.8693777777093941,-0.3455246780141305,0.3649259219001791,0.054695562435500514,0.8293348337875046,-0.4651235922188094,0.5456121563272277,18
Baseline 2: FinBERT (tone shift),10-Day Return,0.30877152536810654,0.2125075730232639,-0.16520722136202565,0.6667959158463115,0.2652218782249742,0.2874842429174512,-0.2704235188684412,0.7232921275211448,18
Baseline 2: FinBERT (tone shift),20-Day Return,0.11648497917200296,0.6453031448430357,-0.36374763647341124,0.4956722002509067,0.034055727554179564,0.893282818838896,-0.45170644656381354,0.48955099179493056,18
Baseline 2: FinBERT (tone shift),5-Day Volatility,-0.36750041977142434,0.13353194664383194,-0.7321561158307627,0.4203503337610195,-0.08771929824561403,0.7292587507339037,-0.5837037368646325,0.4664040067437632,18
Baseline 2: FinBERT (tone shift),10-Day Volatility,-0.39092595973770716,0.1086954599085311,-0.754972203675086,0.3240947248234726,-0.17440660474716205,0.48883870995933687,-0.648581280831073,0.36474740588271715,18
Baseline 2: FinBERT (tone shift),Abnormal 5-Day Return,0.0770253426664978,0.7612943222283955,-0.24390227696675776,0.33767399856168206,0.09391124871001032,0.7108992592881785,-0.3432055070136809,0.49791694194128056,18
Baseline 3: Hedging Only,1-Day Return,0.1762190972493377,0.4842615797353964,-0.3073928782959721,0.557693647919862,0.2425180598555212,0.3322310909053102,-0.35276059514794256,0.6505470827381604,18
Baseline 3: Hedging Only,5-Day Return,0.13946211105877787,0.581003934806273,-0.2943428002226565,0.5980031559025049,0.2549019607843137,0.30734528041254605,-0.30267015706806283,0.691991490103568,18
Baseline 3: Hedging Only,10-Day Return,0.07182623192715536,0.7770071709073847,-0.3698051028747923,0.5152217803297137,0.12074303405572755,0.6331873816566362,-0.39304534660183205,0.5930847321503785,18
Baseline 3: Hedging Only,20-Day Return,0.09052848388572804,0.7209113091247185,-0.2710934426226133,0.4353442887438776,0.07739938080495357,0.7601672386317742,-0.37775833585380736,0.5047304507391536,18
Baseline 3: Hedging Only,5-Day Volatility,0.15966989953879615,0.5268185328695153,-0.3978122972738792,0.4836706988001131,0.06914344685242517,0.7851478708666942,-0.530984259375392,0.6104180301047121,18
Baseline 3: Hedging Only,10-Day Volatility,0.1187718872383857,0.638785227965191,-0.4782259988220801,0.4831396728739694,-0.11661506707946334,0.6449317151979074,-0.6170977290556956,0.4073395061391393,18
Baseline 3: Hedging Only,Abnormal 5-Day Return,-0.014477190977352457,0.9545336026873018,-0.47856151641107564,0.38286284718466423,-0.009287925696594427,0.9708223763257615,-0.5546334211650762,0.468504572675465,18
