status,n_claims,avg_confidence,ticker,date
NOT_VERIFIABLE,20,0.25,SPGI,2006-01-27
NOT_VERIFIABLE,20,0.25,PG,2006-01-28
NOT_VERIFIABLE,20,0.245,PEG,2006-02-09
NOT_VERIFIABLE,20,0.25,SPGI,2006-04-25
NOT_VERIFIABLE,20,0.25,PG,2006-05-03
CONTRADICTED,15,0.95,SPGI,2006-07-25
PARTIALLY_SUPPORTED,4,0.575,SPGI,2006-07-25
SUPPORTED,1,0.86,SPGI,2006-07-25
CONTRADICTED,15,0.95,PG,2006-08-02
PARTIALLY_SUPPORTED,3,0.57,PG,2006-08-02
SUPPORTED,2,0.95,PG,2006-08-02
CONTRADICTED,14,0.9386,SPGI,2006-10-19
PARTIALLY_SUPPORTED,6,0.57,SPGI,2006-10-19
CONTRADICTED,13,0.95,SPGI,2007-01-26
NOT_VERIFIABLE,1,0.25,SPGI,2007-01-26
PARTIALLY_SUPPORTED,5,0.57,SPGI,2007-01-26
SUPPORTED,1,0.93,SPGI,2007-01-26
CONTRADICTED,12,0.95,PEP,2007-02-08
PARTIALLY_SUPPORTED,8,0.5675,PEP,2007-02-08
CONTRADICTED,10,0.943,SPGI,2007-04-24
NOT_VERIFIABLE,1,0.25,SPGI,2007-04-24
PARTIALLY_SUPPORTED,7,0.5671,SPGI,2007-04-24
SUPPORTED,2,0.95,SPGI,2007-04-24
CONTRADICTED,8,0.95,PFE,2007-07-18
NOT_VERIFIABLE,3,0.25,PFE,2007-07-18
PARTIALLY_SUPPORTED,8,0.5587,PFE,2007-07-18
SUPPORTED,1,0.94,PFE,2007-07-18
CONTRADICTED,9,0.95,SHW,2007-07-19
NOT_VERIFIABLE,5,0.25,SHW,2007-07-19
PARTIALLY_SUPPORTED,5,0.558,SHW,2007-07-19
SUPPORTED,1,0.95,SHW,2007-07-19
CONTRADICTED,10,0.949,PEP,2007-07-24
PARTIALLY_SUPPORTED,10,0.564,PEP,2007-07-24
CONTRADICTED,14,0.9414,SPGI,2007-07-25
PARTIALLY_SUPPORTED,6,0.5717,SPGI,2007-07-25
CONTRADICTED,11,0.95,PEG,2007-08-01
NOT_VERIFIABLE,2,0.25,PEG,2007-08-01
PARTIALLY_SUPPORTED,5,0.57,PEG,2007-08-01
SUPPORTED,2,0.95,PEG,2007-08-01
CONTRADICTED,7,0.9486,PEP,2007-10-11
NOT_VERIFIABLE,11,0.25,PEP,2007-10-11
PARTIALLY_SUPPORTED,2,0.54,PEP,2007-10-11
CONTRADICTED,8,0.945,PFE,2007-10-18
NOT_VERIFIABLE,10,0.25,PFE,2007-10-18
PARTIALLY_SUPPORTED,2,0.57,PFE,2007-10-18
CONTRADICTED,9,0.93,SPGI,2007-10-18
NOT_VERIFIABLE,7,0.25,SPGI,2007-10-18
PARTIALLY_SUPPORTED,4,0.5725,SPGI,2007-10-18
CONTRADICTED,11,0.9427,SHW,2007-10-23
NOT_VERIFIABLE,7,0.25,SHW,2007-10-23
PARTIALLY_SUPPORTED,1,0.57,SHW,2007-10-23
SUPPORTED,1,0.85,SHW,2007-10-23
CONTRADICTED,10,0.95,CLX,2007-10-31
NOT_VERIFIABLE,1,0.25,CLX,2007-10-31
PARTIALLY_SUPPORTED,9,0.5622,CLX,2007-10-31
CONTRADICTED,16,0.9462,SHW,2007-11-19
PARTIALLY_SUPPORTED,3,0.5733,SHW,2007-11-19
SUPPORTED,1,0.92,SHW,2007-11-19
CONTRADICTED,14,0.95,PPG,2008-01-17
PARTIALLY_SUPPORTED,5,0.57,PPG,2008-01-17
SUPPORTED,1,0.95,PPG,2008-01-17
CONTRADICTED,9,0.9478,PFE,2008-01-24
NOT_VERIFIABLE,9,0.25,PFE,2008-01-24
PARTIALLY_SUPPORTED,2,0.575,PFE,2008-01-24
CONTRADICTED,7,0.94,SPGI,2008-01-24
NOT_VERIFIABLE,4,0.25,SPGI,2008-01-24
PARTIALLY_SUPPORTED,9,0.5411,SPGI,2008-01-24
CONTRADICTED,13,0.9454,RTX,2008-01-31
NOT_VERIFIABLE,1,0.25,RTX,2008-01-31
PARTIALLY_SUPPORTED,1,0.57,RTX,2008-01-31
SUPPORTED,5,0.92,RTX,2008-01-31
CONTRADICTED,11,0.95,PEG,2008-02-01
NOT_VERIFIABLE,1,0.25,PEG,2008-02-01
PARTIALLY_SUPPORTED,6,0.5633,PEG,2008-02-01
SUPPORTED,2,0.95,PEG,2008-02-01
CONTRADICTED,7,0.95,CLX,2008-02-04
NOT_VERIFIABLE,5,0.25,CLX,2008-02-04
PARTIALLY_SUPPORTED,6,0.5733,CLX,2008-02-04
SUPPORTED,2,0.93,CLX,2008-02-04
CONTRADICTED,14,0.9486,EMR,2008-02-06
NOT_VERIFIABLE,2,0.25,EMR,2008-02-06
PARTIALLY_SUPPORTED,4,0.4825,EMR,2008-02-06
CONTRADICTED,13,0.9492,PEP,2008-02-07
NOT_VERIFIABLE,1,0.25,PEP,2008-02-07
PARTIALLY_SUPPORTED,5,0.526,PEP,2008-02-07
SUPPORTED,1,0.95,PEP,2008-02-07
CONTRADICTED,16,0.95,SHW,2008-02-11
NOT_VERIFIABLE,1,0.25,SHW,2008-02-11
PARTIALLY_SUPPORTED,2,0.58,SHW,2008-02-11
SUPPORTED,1,0.92,SHW,2008-02-11
CONTRADICTED,11,0.95,PPG,2008-04-17
NOT_VERIFIABLE,6,0.25,PPG,2008-04-17
PARTIALLY_SUPPORTED,3,0.57,PPG,2008-04-17
CONTRADICTED,8,0.95,PEP,2008-04-24
NOT_VERIFIABLE,1,0.25,PEP,2008-04-24
PARTIALLY_SUPPORTED,10,0.534,PEP,2008-04-24
SUPPORTED,1,0.95,PEP,2008-04-24
CONTRADICTED,13,0.9462,RTX,2008-04-25
PARTIALLY_SUPPORTED,7,0.5657,RTX,2008-04-25
CONTRADICTED,15,0.936,SPGI,2008-04-29
PARTIALLY_SUPPORTED,5,0.56,SPGI,2008-04-29
CONTRADICTED,6,0.95,CLX,2008-05-01
PARTIALLY_SUPPORTED,14,0.56,CLX,2008-05-01
CONTRADICTED,17,0.9476,EMR,2008-05-06
NOT_VERIFIABLE,2,0.25,EMR,2008-05-06
PARTIALLY_SUPPORTED,1,0.56,EMR,2008-05-06
CONTRADICTED,8,0.95,PEG,2008-05-06
NOT_VERIFIABLE,8,0.25,PEG,2008-05-06
PARTIALLY_SUPPORTED,4,0.57,PEG,2008-05-06
CONTRADICTED,9,0.9456,PPG,2008-07-17
NOT_VERIFIABLE,5,0.25,PPG,2008-07-17
PARTIALLY_SUPPORTED,6,0.57,PPG,2008-07-17
CONTRADICTED,13,0.95,SHW,2008-07-19
NOT_VERIFIABLE,2,0.25,SHW,2008-07-19
PARTIALLY_SUPPORTED,5,0.556,SHW,2008-07-19
CONTRADICTED,7,0.95,PEP,2008-07-23
NOT_VERIFIABLE,1,0.25,PEP,2008-07-23
PARTIALLY_SUPPORTED,11,0.57,PEP,2008-07-23
SUPPORTED,1,0.95,PEP,2008-07-23
CONTRADICTED,10,0.945,RTX,2008-07-24
NOT_VERIFIABLE,2,0.25,RTX,2008-07-24
PARTIALLY_SUPPORTED,7,0.5657,RTX,2008-07-24
SUPPORTED,1,0.93,RTX,2008-07-24
CONTRADICTED,9,0.95,SPGI,2008-07-29
PARTIALLY_SUPPORTED,8,0.56,SPGI,2008-07-29
SUPPORTED,3,0.8667,SPGI,2008-07-29
CONTRADICTED,9,0.95,CLX,2008-08-01
PARTIALLY_SUPPORTED,11,0.5536,CLX,2008-08-01
CONTRADICTED,15,0.95,PEG,2008-08-01
PARTIALLY_SUPPORTED,5,0.57,PEG,2008-08-01
CONTRADICTED,16,0.9487,EMR,2008-08-05
PARTIALLY_SUPPORTED,3,0.47,EMR,2008-08-05
SUPPORTED,1,0.95,EMR,2008-08-05
CONTRADICTED,15,0.95,SHW,2008-08-11
PARTIALLY_SUPPORTED,4,0.56,SHW,2008-08-11
SUPPORTED,1,0.9,SHW,2008-08-11
CONTRADICTED,10,0.946,PEP,2008-10-14
PARTIALLY_SUPPORTED,10,0.564,PEP,2008-10-14
CONTRADICTED,9,0.9444,PPG,2008-10-16
NOT_VERIFIABLE,7,0.25,PPG,2008-10-16
PARTIALLY_SUPPORTED,4,0.57,PPG,2008-10-16
CONTRADICTED,11,0.9391,RTX,2008-10-24
PARTIALLY_SUPPORTED,8,0.57,RTX,2008-10-24
SUPPORTED,1,0.92,RTX,2008-10-24
CONTRADICTED,13,0.9446,SPGI,2008-10-28
NOT_VERIFIABLE,2,0.25,SPGI,2008-10-28
PARTIALLY_SUPPORTED,5,0.558,SPGI,2008-10-28
CONTRADICTED,11,0.95,PEG,2008-10-31
NOT_VERIFIABLE,2,0.25,PEG,2008-10-31
PARTIALLY_SUPPORTED,7,0.57,PEG,2008-10-31
CONTRADICTED,19,0.9453,EMR,2008-11-04
PARTIALLY_SUPPORTED,1,0.46,EMR,2008-11-04
CONTRADICTED,14,0.95,SHW,2008-11-24
PARTIALLY_SUPPORTED,4,0.565,SHW,2008-11-24
SUPPORTED,2,0.875,SHW,2008-11-24
CONTRADICTED,10,0.95,PPG,2009-01-16
NOT_VERIFIABLE,2,0.25,PPG,2009-01-16
PARTIALLY_SUPPORTED,8,0.5725,PPG,2009-01-16
CONTRADICTED,11,0.95,SPGI,2009-01-27
NOT_VERIFIABLE,1,0.25,SPGI,2009-01-27
PARTIALLY_SUPPORTED,7,0.5757,SPGI,2009-01-27
SUPPORTED,1,0.85,SPGI,2009-01-27
CONTRADICTED,10,0.95,PEG,2009-02-03
NOT_VERIFIABLE,1,0.25,PEG,2009-02-03
PARTIALLY_SUPPORTED,8,0.5687,PEG,2009-02-03
SUPPORTED,1,0.95,PEG,2009-02-03
CONTRADICTED,4,0.95,PEP,2009-02-13
PARTIALLY_SUPPORTED,14,0.5614,PEP,2009-02-13
SUPPORTED,2,0.95,PEP,2009-02-13
CONTRADICTED,10,0.945,RTX,2009-04-24
NOT_VERIFIABLE,1,0.25,RTX,2009-04-24
PARTIALLY_SUPPORTED,8,0.565,RTX,2009-04-24
SUPPORTED,1,0.93,RTX,2009-04-24
CONTRADICTED,17,0.95,RTX,2009-07-23
PARTIALLY_SUPPORTED,3,0.57,RTX,2009-07-23
CONTRADICTED,8,0.95,SPGI,2009-10-26
NOT_VERIFIABLE,2,0.25,SPGI,2009-10-26
PARTIALLY_SUPPORTED,9,0.5656,SPGI,2009-10-26
SUPPORTED,1,0.91,SPGI,2009-10-26
CONTRADICTED,7,0.95,SPGI,2010-01-26
PARTIALLY_SUPPORTED,13,0.56,SPGI,2010-01-26
CONTRADICTED,11,0.95,RTX,2010-01-28
PARTIALLY_SUPPORTED,8,0.56,RTX,2010-01-28
SUPPORTED,1,0.93,RTX,2010-01-28
CONTRADICTED,14,0.95,RTX,2010-04-22
PARTIALLY_SUPPORTED,6,0.57,RTX,2010-04-22
CONTRADICTED,11,0.95,RTX,2010-07-30
NOT_VERIFIABLE,1,0.25,RTX,2010-07-30
PARTIALLY_SUPPORTED,8,0.5637,RTX,2010-07-30
CONTRADICTED,12,0.9458,RTX,2010-10-28
NOT_VERIFIABLE,3,0.25,RTX,2010-10-28
PARTIALLY_SUPPORTED,5,0.538,RTX,2010-10-28
CONTRADICTED,12,0.9458,RTX,2011-01-27
NOT_VERIFIABLE,1,0.25,RTX,2011-01-27
PARTIALLY_SUPPORTED,7,0.5629,RTX,2011-01-27
CONTRADICTED,11,0.95,RTX,2011-04-28
PARTIALLY_SUPPORTED,9,0.5667,RTX,2011-04-28
CONTRADICTED,15,0.9487,RTX,2011-07-28
PARTIALLY_SUPPORTED,5,0.566,RTX,2011-07-28
CONTRADICTED,18,0.95,RTX,2011-10-27
PARTIALLY_SUPPORTED,2,0.565,RTX,2011-10-27
CONTRADICTED,16,0.9481,RTX,2012-01-26
PARTIALLY_SUPPORTED,4,0.57,RTX,2012-01-26
CONTRADICTED,13,0.95,RTX,2012-04-26
NOT_VERIFIABLE,1,0.25,RTX,2012-04-26
PARTIALLY_SUPPORTED,6,0.55,RTX,2012-04-26
CONTRADICTED,12,0.9383,RTX,2012-07-26
NOT_VERIFIABLE,2,0.25,RTX,2012-07-26
PARTIALLY_SUPPORTED,5,0.57,RTX,2012-07-26
SUPPORTED,1,0.83,RTX,2012-07-26
CONTRADICTED,15,0.942,RTX,2012-10-25
PARTIALLY_SUPPORTED,4,0.57,RTX,2012-10-25
SUPPORTED,1,0.92,RTX,2012-10-25
CONTRADICTED,16,0.95,RTX,2013-01-24
PARTIALLY_SUPPORTED,3,0.57,RTX,2013-01-24
SUPPORTED,1,0.93,RTX,2013-01-24
CONTRADICTED,11,0.95,RTX,2013-04-25
PARTIALLY_SUPPORTED,7,0.5714,RTX,2013-04-25
SUPPORTED,2,0.94,RTX,2013-04-25
CONTRADICTED,11,0.95,RTX,2013-07-25
NOT_VERIFIABLE,1,0.25,RTX,2013-07-25
PARTIALLY_SUPPORTED,7,0.5529,RTX,2013-07-25
SUPPORTED,1,0.83,RTX,2013-07-25
CONTRADICTED,15,0.95,RTX,2013-10-24
PARTIALLY_SUPPORTED,4,0.57,RTX,2013-10-24
SUPPORTED,1,0.85,RTX,2013-10-24
CONTRADICTED,15,0.95,RTX,2014-01-30
PARTIALLY_SUPPORTED,5,0.558,RTX,2014-01-30
CONTRADICTED,16,0.95,RTX,2014-04-24
PARTIALLY_SUPPORTED,4,0.5475,RTX,2014-04-24
CONTRADICTED,16,0.95,RTX,2014-07-24
PARTIALLY_SUPPORTED,4,0.57,RTX,2014-07-24
CONTRADICTED,15,0.95,RTX,2014-10-23
PARTIALLY_SUPPORTED,5,0.57,RTX,2014-10-23
CONTRADICTED,14,0.95,RTX,2015-01-29
PARTIALLY_SUPPORTED,6,0.5517,RTX,2015-01-29
CONTRADICTED,15,0.95,RTX,2015-04-23
PARTIALLY_SUPPORTED,5,0.57,RTX,2015-04-23
CONTRADICTED,14,0.9493,RTX,2015-07-23
PARTIALLY_SUPPORTED,6,0.57,RTX,2015-07-23
CONTRADICTED,14,0.9493,RTX,2015-10-22
NOT_VERIFIABLE,3,0.25,RTX,2015-10-22
PARTIALLY_SUPPORTED,3,0.57,RTX,2015-10-22
CONTRADICTED,16,0.95,RTX,2016-01-28
PARTIALLY_SUPPORTED,4,0.555,RTX,2016-01-28
CONTRADICTED,10,0.95,RTX,2016-04-29
PARTIALLY_SUPPORTED,10,0.558,RTX,2016-04-29
CONTRADICTED,13,0.95,RTX,2016-07-29
NOT_VERIFIABLE,1,0.25,RTX,2016-07-29
PARTIALLY_SUPPORTED,5,0.558,RTX,2016-07-29
SUPPORTED,1,0.94,RTX,2016-07-29
CONTRADICTED,5,0.95,RTX,2016-10-27
NOT_VERIFIABLE,12,0.25,RTX,2016-10-27
PARTIALLY_SUPPORTED,3,0.5367,RTX,2016-10-27
CONTRADICTED,9,0.95,RTX,2017-01-26
NOT_VERIFIABLE,7,0.25,RTX,2017-01-26
PARTIALLY_SUPPORTED,4,0.57,RTX,2017-01-26
CONTRADICTED,8,0.95,RTX,2017-04-27
NOT_VERIFIABLE,8,0.25,RTX,2017-04-27
PARTIALLY_SUPPORTED,4,0.5525,RTX,2017-04-27
CONTRADICTED,8,0.95,RTX,2017-07-27
NOT_VERIFIABLE,9,0.25,RTX,2017-07-27
PARTIALLY_SUPPORTED,3,0.57,RTX,2017-07-27
CONTRADICTED,6,0.95,RTX,2017-10-26
NOT_VERIFIABLE,12,0.25,RTX,2017-10-26
PARTIALLY_SUPPORTED,2,0.57,RTX,2017-10-26
CONTRADICTED,12,0.95,RTX,2018-01-25
PARTIALLY_SUPPORTED,4,0.5775,RTX,2018-01-25
SUPPORTED,4,0.94,RTX,2018-01-25
CONTRADICTED,10,0.95,RTX,2018-04-26
NOT_VERIFIABLE,4,0.25,RTX,2018-04-26
PARTIALLY_SUPPORTED,6,0.57,RTX,2018-04-26
CONTRADICTED,11,0.95,RTX,2018-07-26
NOT_VERIFIABLE,6,0.25,RTX,2018-07-26
PARTIALLY_SUPPORTED,3,0.57,RTX,2018-07-26
CONTRADICTED,10,0.95,RTX,2018-10-25
NOT_VERIFIABLE,6,0.25,RTX,2018-10-25
PARTIALLY_SUPPORTED,2,0.57,RTX,2018-10-25
SUPPORTED,2,0.94,RTX,2018-10-25
CONTRADICTED,9,0.95,RTX,2019-01-31
NOT_VERIFIABLE,9,0.25,RTX,2019-01-31
SUPPORTED,2,0.95,RTX,2019-01-31
CONTRADICTED,11,0.9491,RTX,2019-04-25
NOT_VERIFIABLE,3,0.25,RTX,2019-04-25
PARTIALLY_SUPPORTED,4,0.555,RTX,2019-04-25
SUPPORTED,2,0.91,RTX,2019-04-25
CONTRADICTED,7,0.95,RTX,2019-07-25
NOT_VERIFIABLE,1,0.25,RTX,2019-07-25
PARTIALLY_SUPPORTED,10,0.564,RTX,2019-07-25
SUPPORTED,2,0.95,RTX,2019-07-25
CONTRADICTED,10,0.95,RTX,2019-10-24
PARTIALLY_SUPPORTED,9,0.5444,RTX,2019-10-24
SUPPORTED,1,0.94,RTX,2019-10-24
CONTRADICTED,7,0.95,RTX,2020-01-30
NOT_VERIFIABLE,9,0.25,RTX,2020-01-30
PARTIALLY_SUPPORTED,4,0.5425,RTX,2020-01-30
